State,Yr,TotalPop,Men,Women,VotingAgeCitizen,Employed,Hispanic,White,Black,Native,Asian,Pacific,Poverty,ChildPoverty,Professional,Service,Office,Construction,Production,Drive,Carpool,Transit,Walk,OtherTransp,WorkAtHome,MeanCommute,PrivateWork,PublicWork,SelfEmployed,FamilyWork,Unemployment,Income,IncomePerCap
Alabama,2015,4830620,48.46361336640017,51.53638663359983,74.95919778413537,2022325,3.9993118274672814,66.34114184100592,26.302822826055454,0.45616562677254685,1.2287180941576856,0.022674480708480486,18.848808144710205,27.29485360057302,32.76891703342429,16.81237774861198,24.041066488359675,10.060592097908756,16.312140615490353,85.42353685448244,9.245189727198577,0.4075812835619444,1.1213337004359691,1.0415444601314117,2.7433438978847446,24.45801350551276,78.22372035059682,16.313379317768735,5.27978741859223,0.1878997726999847,9.408100782094227,45259.2493244162,24091.518225817803
Alaska,2015,733375,52.38247826828021,47.61752173171978,71.44312254985512,351108,6.527631975455941,62.37639215953637,3.2216636782001014,13.416348252940177,5.772952991307314,1.1793328106357597,10.175692108402929,13.585294017385378,36.10530656212714,17.567887779103465,22.740321390830065,12.669918254644626,10.931250315322993,66.8673581728311,12.56573171978865,1.5695937276291123,8.24129469916482,6.143167138230784,4.622103016874041,19.14181789671041,67.93542989602864,25.585477825123565,6.296243667973411,0.18537024032725416,8.446447860916994,73144.4175837634,33413.4286633714
Arizona,2015,6641928,49.67063780275848,50.32936219724152,68.1518077281175,2813406,30.338523136655503,56.48865314408707,3.9599952905240774,4.002505070816788,2.917962675897722,0.1745257250605547,18.223001514018218,25.963794307917826,34.74394672751647,20.112820132949356,26.122627541280185,9.370591174731194,9.719179732150064,76.52867327077317,11.100768888190297,2.0363893435761424,2.105628395851325,2.724845421389693,5.5248970027979825,24.787417569115473,78.76669251759431,15.162411832829264,5.932035818515347,0.19590941064100664,9.092709722237279,50948.31584634425,25847.425294733697
Arkansas,2015,2958208,49.08082866383973,50.919171336160275,73.15520071610922,1256081,6.87079884173121,73.59632402454459,15.436414410345725,0.560054059755095,1.3520329875384014,0.22428122025226088,19.321146721258284,27.761851161243566,31.574530628001828,17.180325014333,23.734035841969195,10.863239062297174,16.64877581292458,82.46239659280211,10.870561806336815,0.42538073725715025,1.7747108046493008,1.2564105363787805,3.189730776199645,21.692035989355716,76.99293386401497,16.455038083866995,6.359777845236037,0.19419804151702658,7.814722527962872,42568.64015935278,22798.44808580059
California,2015,38421464,49.67831262234047,50.32168737765953,63.19475228741934,17246360,38.380973804121574,38.7250354671545,5.616551612921361,0.3766227986523366,13.515131617577092,0.3468656634218832,16.294261743904396,21.997279723646137,36.712750927450344,18.880480168584935,23.74572444194214,9.458108717564746,11.217510433751295,73.73619696271855,10.912672005418637,4.913541714599943,2.6494661291407318,2.4943172675564895,5.275353802239292,27.906002566690336,77.52494218335877,14.042379884327158,8.274415378862187,0.20095433896011872,10.009094057425814,64169.497490253016,30318.055748109964
Colorado,2015,5278906,50.174543740691725,49.82545625930827,71.05549899922447,2624436,21.075874963486754,69.06542868920187,3.8438678961133212,0.5472858580925668,2.8577319997741952,0.11556718380664478,12.713547485028156,16.804339383955693,40.05653557763674,17.588821945304577,23.844508824366258,9.50616254580021,9.02064520565435,75.4470457136384,9.59171589719537,3.043118062719813,2.956439572896354,2.360321968225993,6.604850076890932,24.734707001791655,79.20826006373291,14.192019236561512,6.419765231659741,0.19573405929183058,7.0320400476917,62485.316256140366,32216.470093803528
Connecticut,2015,3593222,48.74753076765087,51.25246923234913,71.63982631743878,1781417,14.673648691898247,69.22953669436511,9.657835864302287,0.11531040943198055,4.154947732146804,0.0,10.513742457326599,14.302587677577398,41.68496419091279,17.811057346303677,23.538370075659117,7.392244370094583,9.600744011920224,78.3022187607668,8.227782168761074,4.8770830747446166,3.0153487872444287,1.1678132884636685,4.376932763965043,25.471339093437585,80.27112432797084,13.190442421870955,6.306344445180398,0.16817917178509983,8.82201160963614,71247.11574325383,38802.841462342156
Delaware,2015,926454,48.40099994171324,51.59900005828676,73.57148870855973,433816,8.70599349778834,63.869943138029505,21.05731121027056,0.2955620030784043,3.5967420940489223,0.0,12.052737534729193,17.574054081476255,38.08116441830896,18.58532004827007,24.134307153943965,8.614419820088209,10.644116167667256,81.13474765071985,8.403599854930736,2.9720282928240365,2.1678449226836953,1.1342551276156183,4.187524151226072,25.497899949700688,81.19366066744814,14.684970759476457,3.9847754988375033,0.13659307423790062,7.717220498805122,61215.81763005514,30553.372314221753
District of Columbia,2015,647484,47.36395030610795,52.63604969389205,74.92324134650431,337815,10.200000000000001,35.6,48.00000000000001,0.2,3.6000000000000005,0.0,18.0,26.700000000000003,60.9,15.2,17.4,2.9000000000000004,3.7000000000000006,33.7,5.7,37.4,12.9,5.2,5.0,29.7,70.0,25.4,4.4,0.1,9.6,70848.0,47675.0
Florida,2015,19645772,48.865521802859156,51.134478197140844,70.92137687437277,8541291,23.730983119421314,56.059553200556344,15.442639169384634,0.21032195629675435,2.543774517998071,0.03927019513409806,16.564115897303502,24.077427988067864,33.77585668305627,20.650587902577712,27.296889284880226,9.154330947137126,9.119582885314967,79.62243276568617,9.502783616749703,2.034543198404216,1.4492831892785885,2.2355138856340186,5.124702007129065,26.346645028762428,81.31804389768953,12.604360205340873,5.918336143776891,0.15583073548853163,9.735170254444569,47989.57044093217,26829.026218465733
Georgia,2015,10006693,48.80064772647667,51.19935227352334,69.73992306948959,4388274,9.139446058752876,54.567414279622625,30.522317143136107,0.1873972849971514,3.5814186464998947,0.02399793817997614,18.476758995204506,26.36027006124801,35.29117081937062,17.097614206811368,24.7113019456078,9.347104972641809,13.53650167942596,79.76921650339428,10.37415422857482,1.9810565888251,1.5885552299845722,1.5933412267169589,4.700645677847814,27.166654947843423,78.71225610698758,15.572550012276787,5.527299468465756,0.17239068891191126,9.695397080733862,51974.49025311546,25737.10502750509
Hawaii,2015,1406299,50.47795667919838,49.52204332080162,71.23158019738335,653284,9.855651891951855,22.926212633302026,1.9296512334859086,0.1321816342043904,36.74750625578202,9.081180033549053,11.232962762541963,15.21003567024649,34.05982397768895,22.72070100312949,24.795722886811415,9.786642598764558,8.637115577839422,66.91372773499805,14.046828092745567,6.391151739423835,4.488630725044959,3.530258358997625,4.638063740356781,26.700054611430428,72.15678067039796,20.65172257108908,6.919122889229104,0.18877429337573304,6.078854567911945,70164.8148309158,29821.947937102992
Idaho,2015,1616547,50.13550487551552,49.86449512448447,69.93610454876969,715861,11.839058437521457,83.04433084840711,0.5774597336173956,1.0805991412560227,1.2858233630076952,0.11802700447311461,15.473844002061183,19.012575570026733,33.12980445356676,18.02464017439642,24.009125190916198,12.132003028677792,12.707715086539393,77.90126553697479,10.071030845375976,0.7589676019317716,3.027176877628673,2.347484855064528,5.9300696484543955,20.34086005541441,76.21528950287245,15.839257318222113,7.678502635555909,0.28415233210045854,7.2304610382500485,48356.83164329388,23398.60089190107
Illinois,2015,12873761,49.068015166663415,50.931984833336585,69.75427771262804,6086226,16.473758748511802,62.47698238300372,14.146642546805085,0.11366763760799974,4.973357474944582,0.0022430896456754165,14.364355024145617,20.5437851922216,36.662039275080524,17.4736714236034,24.486290688478675,7.355062409501004,14.020879228688498,73.43074547523446,8.526308232691287,9.084405396371732,3.109779612966248,1.6602538061721048,4.187592910882843,28.294071608133788,82.69091716088249,12.490486983562924,4.694293408119043,0.13791874806437682,9.067456705153997,59546.5325114447,30494.02518657912
Indiana,2015,6568645,49.25312602523047,50.746873974769535,73.09137577080205,3038762,6.410503810146534,80.51108131129023,9.044748056867133,0.18380676684460795,1.838947682512908,0.01883924310112664,15.409934103608885,22.05692078046539,32.08303846531514,17.1052818503664,23.267481771354667,8.885605798456146,18.68595858049872,82.9855065999152,9.050048404199035,1.1014964425692058,2.094610852009813,1.4698759942118955,3.309386410743769,23.3525437285772,84.20058445843853,11.007974095113985,4.634753697299825,0.15682652967240585,7.872397016431852,50549.43856840384,25346.423271313946
Iowa,2015,3093526,49.606662429861586,50.39333757013841,73.86800692801677,1573510,5.42990302974664,87.40270574742222,3.0891627547335965,0.27423858729488615,2.025835826173757,0.05617955045472382,12.527552087811774,15.79318567227171,34.26913715934504,16.658053076004535,23.29715392726617,9.435676861936832,16.35336095445779,80.6220571606639,8.795076750607558,1.0914353718055056,3.496905893145879,1.5288065463164047,4.480422566353086,18.885953277910073,79.75195152715702,13.46989645472513,6.55798771369628,0.22324525476753715,4.954069369386259,54023.69216210891,27949.56265730432
Kansas,2015,2892987,49.770773252696955,50.229226747303045,70.99648218260228,1401197,11.173565695248543,77.04388823731317,5.661216866857681,0.7077684759731034,2.579492579814566,0.03607914587932818,13.625082725916151,17.82599292703355,36.3143345960421,16.886640797210635,22.924462329073712,10.06935350902026,13.813521664632432,82.15348178197827,9.625363162710379,0.475756026556635,2.3592411925805394,1.3336452946383792,4.050355393923306,19.094260983544004,77.67877218252275,16.049290439258804,6.085576361041373,0.19125651100402455,5.981066904206622,54608.251745471905,27706.47162431079
Kentucky,2015,4397353,49.216153445038415,50.783846554961585,74.97937964043369,1891381,3.272784286364999,85.55111083872502,7.782590321950498,0.16412469046719697,1.2448212595168047,0.03842006770891487,18.921161275885737,26.268022580857174,32.323143218204216,16.923215216062943,23.769998223931537,9.94615415228207,17.049799549865554,82.45539211884972,9.874041360791363,1.016237586566282,2.314162952121423,1.2703741773744341,3.0620230852515142,23.177656763057232,78.82448541201947,15.49279939545449,5.51474064056263,0.16392097700593972,8.648831421994098,46097.42647198,24063.25406943677
Louisiana,2015,4625253,48.88718519830159,51.11281480169841,73.73940409313826,2016049,4.731063943961552,59.473891611983184,31.877657914064372,0.5392390643279406,1.6719501181881289,0.023712324493384472,19.81447892688248,28.23824951845877,32.114155528357024,19.27063053631877,23.81346017180033,12.302635855811562,12.497392856131324,82.43855845291058,9.83328034163753,1.3162604294294822,1.8979710515295043,2.052286739774019,2.4399862234563163,25.224580687802383,78.62341251386681,15.732852083983296,5.5107170137503845,0.13107406232696894,8.199953710640258,46110.82042549561,24981.354509256034
Maine,2015,1329100,48.91136859529004,51.08863140470995,78.87096531487472,648687,1.4655642916259122,93.86705492438492,1.0973728086675194,0.5654226168083667,1.1006116921224889,0.0022874125347979836,13.943773831916337,18.58450823865774,35.109733804830334,18.57124174253254,23.885485742231584,10.89764961251975,11.538740049657664,78.03428508012942,10.320645248664512,0.6198190504852907,3.981786171093221,1.6301828304867958,5.414842148822512,23.583829508690094,76.89056775261454,14.185325784365363,8.809235873899631,0.15082394101271537,6.908322699571139,50498.73659561545,27654.70874125348
Maryland,2015,5930538,48.43815181691779,51.561848183082205,70.52043170450978,2976504,8.997103955829978,53.02579642858708,29.064669394243825,0.1895204617186502,5.974793905713108,0.018755026946965014,10.021405258679735,13.63713003778072,44.25330782805877,17.30556785910486,22.636316536543564,7.854561474861134,7.956787562949601,73.58466064967463,9.44324712193059,9.042499297702838,2.470085294116655,1.2634432154384647,4.19549808128706,32.110020861513746,72.91887766337555,22.212666237026056,4.747602898758931,0.1251119375678901,7.4838863017149535,78461.66864516224,36897.28788045874
Massachusetts,2015,6705586,48.46183465546486,51.53816534453514,72.33667572080948,3415975,10.546082982158458,74.28727290948174,6.475745296533368,0.12938745398239618,5.962056485443629,0.008243321314498092,11.609560983931901,15.38902091480148,43.943559712752915,17.699026408728482,22.53559401072479,6.962236320584063,8.845625363689319,71.78749511228399,7.727871479092208,9.489038482244505,4.723897806992559,1.71918364778261,4.543123330309984,28.607546245771807,81.3531208010754,12.476388431972984,6.055642892358698,0.1267279250463718,7.619011582283784,70399.37927092558,36894.43988116773
Michigan,2015,9900571,49.10800599278567,50.891994007214336,74.54252891070627,4373518,4.7030145534030305,75.88295119544117,13.800020675575173,0.48238850062284294,2.716774931466073,0.005883559645196221,16.7234823122828,23.3935141013584,34.3416004087037,18.37921404735141,23.722003811699345,7.863042060907397,15.675504039110471,82.53959291842862,8.934669757936184,1.4398223193389557,2.2075015572334156,1.292379237520745,3.612932728829479,24.188116574286475,83.63855464497956,11.156303176857177,5.044340472887877,0.16607294670176093,10.007806095224204,51151.971532985575,26606.757889418703
Minnesota,2015,5419171,49.67855784584026,50.32144215415975,72.90426893707543,2827195,4.989134500461417,81.70496991144958,5.426245767110875,0.9554114088667808,4.415233031030023,0.010411537115178688,11.307642755690859,14.743379587025391,39.2259240204821,16.665321946843907,23.05593595404167,8.011562137456078,13.044565008190363,78.0296525797027,8.788322605062659,3.453321402849253,2.8468467224968537,1.650145382015072,5.214297131424713,23.120726306662036,82.1602274960506,11.983317872789023,5.690779752105994,0.15608953841833004,5.611209408228677,63287.36480186191,32157.258765778013
Mississippi,2015,2988081,48.583790064593295,51.41620993540671,73.97470148901586,1203914,2.8987589024527787,57.37645743204421,37.23304870249501,0.4022805272012372,0.9589917073867807,0.006270077685310405,22.62380762101161,31.803079066464395,30.719479023493683,17.908521422277367,23.442134968898095,11.257291351874336,16.680133269479647,84.29072073347412,10.082382003700701,0.40785735058721656,1.5352448611667482,1.473587831119705,2.2034733328848857,24.250471054834176,75.71596894461698,18.64754429347799,5.489275960055968,0.14614981990113382,10.508525806362007,41216.37626109506,21057.23004396467
Missouri,2015,6045448,49.028674136308844,50.97132586369116,74.85028404842784,2807996,3.8616054095577375,80.23158687329708,11.442127597491531,0.3724611310857361,1.7512364840455164,0.0841092504641509,15.673048548263083,21.917935031448454,34.695560428275954,18.177440398130955,24.59894666201745,8.9974882920174,13.523592114265151,81.47424981572908,9.464620603799746,1.4635950884037048,1.9743485677157422,1.2863105430730686,4.316925048400052,23.23169856063604,81.05179500344721,12.92567416012841,5.817585446107549,0.19324506637059824,7.538242376743624,50154.885821774675,26258.76651176224
Montana,2015,1014699,50.277274344411495,49.722725655588505,76.99327583845061,485446,3.318329376494902,86.98490921938426,0.45096269928323574,6.254190947266134,0.6720982281445038,0.07466874413003263,15.202133933314215,19.17927720437292,35.739674721272024,19.259374849093177,22.58321807747913,12.894746225235265,9.535405869129663,75.03369491839453,10.485630319927388,0.8172918274286265,4.917203623931827,2.383224483319684,6.359864550965358,18.16065000556816,71.68234303966004,18.49457849076425,9.296582434791006,0.516338047046464,6.33881939373154,48005.027957795515,26380.779873637402
Nebraska,2015,1869365,49.728437196588146,50.271562803411854,71.3536414771861,968134,9.95738365701722,80.76913449219388,4.576359833419372,0.6930334632348418,2.0134199046200187,0.051518563790378016,12.749011081303014,17.0515710415034,35.59515830241819,16.693107659552847,23.996445423980877,10.227179978227898,13.49045857818029,81.17436856900605,9.562260339741034,0.722382948220385,2.8396178381428987,1.3304094171015295,4.398347567222024,18.251229963115804,78.85320517929885,14.140951018126477,6.77377344713312,0.19485552580689167,4.698928192193606,53859.07573435082,27882.044663829696
Nevada,2015,2798636,50.300753652850894,49.69924634714911,66.59669210286725,1267312,27.512120833148717,51.9919758053566,8.060549424791219,0.8649605379191865,7.529681173257257,0.630583720069348,15.462274300766515,22.191353001962387,27.664288710643326,27.802757986390514,25.96386557594486,8.79059034472507,9.778632090775652,78.00188298871305,10.836150467584924,3.6112212520670783,2.1826628400406483,2.1530747835731407,3.2717318722406206,23.985043749883864,82.43669802003546,12.444862675960717,5.081142885319848,0.10959953348702725,10.49570329975031,52172.4532246203,26541.136717672467
New Hampshire,2015,1324201,49.349305732286865,50.650694267713135,77.03739840099803,698810,3.202194681925176,91.42178294684871,1.184908257885321,0.16238350522314965,2.343312684403652,0.006746785420038198,8.927398635101468,11.995017297223002,39.734408069469815,15.833281956440151,24.174334560991873,9.052788134127674,11.193212661823999,81.03343276436131,7.993382802157679,0.8638883371935229,2.891629593996682,1.2502733346372645,6.0189240908291115,26.8294338246233,79.33051674179373,13.547632119293068,7.015089552114823,0.10906788319900076,5.751852928671704,68210.30731529315,34361.89207680707
New Jersey,2015,8904413,48.77387201155203,51.22612798844798,67.98755852856331,4281760,18.958985617580858,57.20515339978054,12.710222661505036,0.0948896238303412,8.995574520184544,0.0028356726041346017,10.835607984490386,15.468676284444577,40.651650198614995,16.84043811759405,24.749443057054968,7.278506634856222,10.47396503284383,72.00355271032464,8.145861563249593,10.938296763638435,3.0664254903720227,1.8707569269305007,3.994394902841996,30.896518153414497,81.21640160895501,13.930756929176576,4.721191458662126,0.13650577528243582,8.828727609557195,73794.6700464295,36581.78127867609
New Mexico,2015,2084117,49.53723807252664,50.462761927473366,69.94002735930852,876035,47.353912136410756,39.211928888829185,1.806738681177688,8.493681352822323,1.2994311259876483,0.04817349505809894,21.04256238973148,29.21052709612753,34.86374598930866,21.09189464890887,23.25691810968387,11.501204107063089,9.318289280304318,79.61893171064773,10.261481193234356,1.046654194558175,2.2565982140158156,1.9987484387872654,4.732654548664975,21.624584896145468,70.55816017047029,22.529875386074778,6.660408412771454,0.20572362300197156,9.314931887221306,46276.736179490545,24012.277006521228
New York,2015,19673174,48.50158393353304,51.49841606646696,68.78099080504244,9254578,18.388676677184883,56.7730936248518,14.39095941508981,0.22429073214113804,7.921453609875054,0.005025462591852234,15.676373675137526,21.98014076935425,38.691291522150934,20.58942478727632,23.75878898849774,7.363723860725269,9.570138148526516,53.215070247434404,6.771871076827764,27.98135864095951,6.292518797424352,1.8604428395743358,3.876687523833216,32.42224851973555,78.27700401572213,15.726550957156176,5.8845387327942085,0.12476112395488395,8.292972216887824,63174.31354989931,33236.21862333958
North Carolina,2015,9845333,48.707423100874294,51.292576899125706,72.19662351694961,4372773,8.8327456572571,64.23586014815345,21.17719979608613,1.1016523869736046,2.4624618689890942,0.04338759288284104,17.398906304134158,24.922774303317116,35.48944080408453,17.83741606302194,23.375199030850464,9.604565137613934,13.688217930261981,81.29225892105426,10.030754937390132,1.0411520057269779,1.7763422019346637,1.3105333156328998,4.537123995704362,23.88987245022591,78.8162451285294,15.216486603348,5.823677269219841,0.16894369139164725,9.524880996914984,48757.235538181376,25920.370018667727
North Dakota,2015,721640,50.989828723463226,49.01017127653678,75.72834100105315,387716,2.8452240729449585,87.04373122332466,1.6150605565101717,5.213567568316613,1.211845241394601,0.03587952441660663,11.469243944348987,12.944757219666316,34.972621944459846,17.01532828002882,22.380150490549315,13.252199988914137,12.38243833490383,79.99054958150877,9.203020203979822,0.452493902777008,3.9881598858156417,1.178630341998781,5.187080538772796,17.24365999667424,74.5108761986586,16.8317717975722,8.35525317332742,0.31662587994013625,2.9146905659331535,58141.649658512935,32035.524509450697
Ohio,2015,11575977,48.91935255227269,51.0806474477273,75.2338225965722,5366673,3.3741339672668653,80.2615707944133,12.04039608060728,0.14681577200784,1.8614175546478713,0.008579984220770309,15.783122582223513,23.0274381246611,34.800384364965474,17.662531171235045,23.848352912242312,7.766070310955177,15.910288885335557,83.44469240047728,7.96612695412232,1.6461810350867148,2.3057318012984998,1.1242510588955041,3.501823578260393,23.29381167567972,82.27946823840443,12.578074731834727,5.000011627528286,0.14261077056390137,8.194891005744049,50500.508639151296,26952.808407013938
Oklahoma,2015,3849733,49.53444823316318,50.46555176683681,71.91566272258362,1719541,9.66546724149441,67.30745381562824,7.116653726375309,6.939887285689685,1.8960465569949916,0.12798594084317017,16.72820637171461,23.191437042516974,32.951125805348056,17.744884749150135,24.052646871873964,11.798392356041317,13.42750759598133,82.45926598026408,10.424823851420348,0.4536620851368134,1.7847449160759976,1.3802016659337153,3.473483148052085,21.383095840672585,76.27485158061613,17.19227055486705,6.306245342209449,0.22481039594174448,6.396263559057214,47791.599534410634,25032.196669483314
Oregon,2015,3939233,49.46275074360923,50.53724925639077,72.7976740649766,1789807,12.343445259521333,77.2484375257823,1.7595330613853002,0.9234314395721197,3.926591902535341,0.36480002579182297,16.510738841799913,21.786686748410162,36.424609054605305,18.788185111162502,23.48214159964643,9.103676629435219,12.209068770494156,71.8136522262075,10.431787025545331,4.094094535662146,4.0211339110938615,3.387261504968099,6.259198097700744,22.700534367984833,77.63598995032791,14.364489026163216,7.83176448308592,0.1609322170077271,9.430098397327601,53071.49723014828,27684.280658696756
Pennsylvania,2015,12779559,48.86979276827941,51.13020723172059,75.98396783488381,6001889,6.37925503532634,78.0861144426032,10.545954840851708,0.11857122769259879,3.048012376639914,0.002710289142215314,13.492203244259052,19.269947077203522,36.40647561469062,17.7853657313214,23.945292775752268,8.280980556527812,13.565186928594331,76.11878830873583,8.746726479372253,5.83062379539075,3.9547310357110135,1.4111074177129272,3.9550270083654677,26.37909179808162,83.79385712762077,10.921175926336737,5.142888224859718,0.1445743863305455,7.969683320058227,56131.262076822815,29291.357775569562
Rhode Island,2015,1053661,48.43948860212156,51.56051139787845,73.70159852172567,518170,13.628627898346812,74.54705526730135,5.357668073507513,0.36666062424252205,3.1931265369032356,0.059835089274444066,14.231313202253856,20.02703070532173,36.77966974197583,20.219133573321972,24.417254505955903,7.228794175735839,11.355148003010457,79.78489808391883,8.534816131564137,2.965947776372097,3.7363235423917174,1.5142161473187297,3.4528097746808513,24.158567508904667,82.42161330826518,12.636605511639893,4.8922819578593115,0.11400146726508811,8.594585545066202,57716.463616187735,31117.83587036058
South Carolina,2015,4777576,48.610613415673555,51.389386584326445,74.65099456293316,2075274,5.326855208582762,63.86271552770696,27.29734603907923,0.29420681115276864,1.3914376453666044,0.05365388221977003,17.93683951861781,26.370993386604425,32.7261964016899,18.317561688186647,24.740567496990103,9.228546505591957,15.000906442932566,82.84192906612056,9.36405049338828,0.5957426108972417,2.16532865201935,1.577539279333285,3.485971840113062,23.99074934653054,78.70644448146926,15.819269499846786,5.331351065896177,0.149386802010057,9.597324668409254,46472.57127107071,24604.38522903665
South Dakota,2015,843190,50.22319999051222,49.77680000948778,73.7402009037109,430853,3.312587791600943,83.21605213534318,1.5089100914384657,8.292505603719206,1.2097269891720728,0.0350445332605937,14.139960032732837,17.684579394916923,34.96643022331858,17.51147214744008,23.748762200690233,11.046248650956493,12.735570749178713,78.59351937285786,9.447684744838053,0.5441000249054186,4.1013686120565955,1.5209199587281637,5.8113102622184805,16.952293196076806,74.65626620334682,16.595143443352033,8.474125404713059,0.2843207343540602,4.812670335274374,51910.02876619172,26746.74653043798
Tennessee,2015,6499615,48.73759445751787,51.262405542482135,74.28695391957831,2888742,4.927205442168499,74.72581063647617,16.68298414598403,0.21600568649066137,1.5652342331045759,0.036715066969351264,17.668186023325998,25.76796417941679,33.26395814213612,17.072631009682876,24.70954719625701,9.047072711229823,15.903468913158706,83.8601679945658,9.267402807704764,0.763339690120107,1.321141698392905,1.2127137530453724,3.5563476913632583,24.57538415736932,78.7104682508118,14.228817460726523,6.903709804349951,0.15983380554078977,8.550853027448548,47215.31149406904,25226.60297202219
Texas,2015,26538614,49.63076067197782,50.369239328022175,63.548767090851086,12094262,38.41510924421295,43.84670366357489,11.582478580079563,0.25737722776328875,4.1767164102842775,0.07369157258928442,17.281422127018384,24.44167318232973,34.59705912298209,17.910169709691708,24.38892604187997,11.040951140100988,12.073311070427412,80.24296450447636,10.841973337416933,1.5138754156490628,1.6232683025571732,1.7358271272192285,4.034676848610103,25.461707582016142,79.04882132126416,14.113535646586515,6.675809735203203,0.1482114401302193,7.081712993753175,,26999.217766308368
Utah,2015,2903379,50.259680186431055,49.74031981356895,64.33910281778576,1337646,13.41540956244431,79.48068712352058,1.0108786348595895,0.9326110714446858,2.1660577210209206,0.8847487703121089,12.346256758073954,14.522687082878258,36.71201896135503,15.68436676713581,26.104467002068972,8.963772659373785,12.51796978623872,75.92484415572339,11.968230844130238,2.445079130213451,2.569182769455865,1.9771973276654549,5.1013448123720675,21.57884888607377,79.90599942343042,15.375556377586253,4.554646499819694,0.1526426622221901,5.787328316420282,61265.23588752181,24686.24160400692
Vermont,2015,626604,49.24529687011254,50.75470312988746,78.6978697869787,326732,1.7077746072479594,93.6055492783321,1.0704578968535152,0.3115396646047584,1.3815414520175422,0.02185606858558196,11.5288174030169,15.082107359672136,40.15832407708856,17.413164295152917,21.370018544407632,10.236975665651672,10.842176717671766,75.3705735999132,9.44461190799931,1.1513279519441308,5.690334086600149,1.5871172223605339,6.690763384849122,22.490593261453803,75.83013386445027,14.58772526188789,9.354858092192197,0.22814249510057383,5.504995339959528,56287.13077384523,29894.34856943141
Virginia,2015,8256630,49.18408600118935,50.81591399881066,72.04664614982141,3990770,8.591601803641437,63.438650696470575,18.905656956894035,0.2021776196826067,5.921403417617117,0.0675763477350929,11.659568322669173,16.013162391920186,41.64864858907326,17.138798674519737,22.71381660556427,8.625432955091853,9.891052099948771,78.07897552633463,9.489978211449463,4.098447695972812,2.298581661040884,1.5567611846479736,4.493567024318641,27.77627545378683,74.47112263720189,20.38517029344903,5.008295164007592,0.11967084633803388,6.596541664092978,73878.35834663486,34151.87006914443
Washington,2015,6985464,49.92832258529999,50.07167741470001,70.67836868102104,3259877,11.971436600346092,70.76497584126122,3.4826176185289914,1.1675829264884912,7.5975913554203425,0.6066435386396667,13.283879309949917,17.22554974157765,38.26241572499695,17.67612197271362,22.62239500482717,9.936717775655271,11.501214980135893,73.02471696940961,10.3271035538942,5.6599676413764355,3.4323320684209393,2.092520067385645,5.452135062180551,26.082057870457852,77.25831708530745,16.498835610633744,6.061257247907941,0.18408569566746033,7.938559943906376,63350.84105811354,31762.17468789475
West Virginia,2015,1851420,49.34758185608884,50.65241814391116,78.6341294789945,751252,1.3686961899514962,92.54487971394933,3.2645971200483968,0.14004234587505804,0.7192562465566972,0.01976617947305312,18.018966685030943,25.037576778904825,31.65423799029934,18.909702660660468,24.0611708310378,12.30313456698102,13.070897959404132,82.37469007572565,10.128855473096328,0.7664221516457637,2.781299218977866,1.0864038953884045,2.8660644802367905,25.768323286990523,76.39173185986974,19.051992524656747,4.434321169696774,0.110466560801979,7.8721046548055025,42958.735207360514,23450.127817567056
Wisconsin,2015,5742117,49.65738246016234,50.34261753983766,74.78637234316193,2883390,6.34772788502916,82.37679853963267,6.166635441249283,0.8039752411871791,2.498064529162329,0.007134023914873208,12.96872066521807,17.584770599414814,34.273999711256316,17.12986588395882,23.02815623575765,8.577796742908582,16.978523008151864,80.52717992336275,8.49662312697564,1.9124549360453629,3.3159486649261924,1.6807191319856423,4.078223588965532,21.975548321289864,82.28457121302127,12.354082318420197,5.168772858511938,0.17930550701074183,6.356414942433254,54840.153988881146,28339.693119105723
Wyoming,2015,579679,50.987011777207734,49.012988222792266,74.18347050695299,293949,9.621549167729036,84.47483624557728,1.0244932108977556,1.9035067684011326,0.8932602354061474,0.07003807279546094,11.558805649333511,14.74021277293123,32.55650316813271,17.68619891353663,21.267844444942806,16.051559225019364,12.45448567224274,76.84378423230788,11.21511836723428,1.556640485510084,3.7919829767854276,2.1072823062419035,4.481381074698238,18.41296458902254,72.05265638396425,21.27897784808489,6.420345053037975,0.24303485204742623,4.8760055133962075,60042.4427094496,29802.93726700467
Puerto Rico,2015,3583073,47.83212622237951,52.1678737776205,76.08616960915951,1063350,99.00116522884129,0.6940524795336296,0.07444891577704392,0.00013036295939267774,0.07422516928904324,0.0005146699495098201,45.52150185050653,57.3605804012366,31.301506025693577,20.836602491771732,27.34229863583577,9.931312702811246,10.586696447434928,81.79447253795836,8.684692915829515,2.2024482336809776,3.3812220125015586,1.8624364616629352,2.086899429623678,29.397355342746305,67.54808115826833,23.435067468622602,8.868756399883566,0.16680902119493526,18.34863727308933,20808.27894672497,11394.366516953463
Alabama,2017,4850771,48.46252276184549,51.537477238154516,75.28522785346907,2055509,4.090537999010879,65.92589914056961,26.39489551248658,0.4680747658465015,1.2716478885521496,0.019179961288628138,17.974093314238086,25.94420363278332,33.510849739144554,16.656190984897034,23.626119414831173,9.817893402925021,16.373561646179546,85.86843897598956,8.613963677114421,0.3551900512310311,1.1157106571305881,1.012711113346724,3.0170056471435167,24.66648771916877,78.99140907703124,15.603071346802402,5.208222816537823,0.1920822689836317,7.552098357147763,48069.1526176728,25746.341350065795
Alaska,2017,738565,52.3067028629843,47.6932971370157,71.83565427552078,354045,6.812066371951012,61.5438340565827,3.0254715563288266,13.762591376520684,6.061670807579564,1.1718345710939455,10.176224976813144,13.532852897172216,36.58442791088126,17.387422907936333,22.718111472923844,12.522876524070323,10.787593238239017,67.39213000886855,12.352141517672782,1.4335279900888889,8.371684279650403,5.896637668993251,4.526250770074401,19.050472741058663,67.83247757475648,25.679875569516554,6.229770974795717,0.20757861528775395,8.006877119820196,76701.90030645822,35064.42343057145
Arizona,2017,6809946,49.70751603610367,50.29248396389634,68.87245508261005,2953891,30.887944574009836,55.588157189499,4.069675324885102,3.8882474398475404,3.0599847487777434,0.17451537794866512,16.952274863853546,23.992274711135746,35.31765721783991,19.884103559705178,25.83721565486716,9.287023568175137,9.743137287725924,76.69987550562077,10.884049697310376,1.9258166070626699,1.9988843670713397,2.5840637356008402,5.829245474193187,25.030532415381845,79.3241553310408,14.420068631968597,6.053743671388878,0.13779690764067734,7.209409076077843,54784.93100287045,27963.44516153285
Arkansas,2017,2977944,49.082554943947905,50.91744505605209,73.33566380025951,1276536,7.16648973251344,73.0074922832666,15.357784531878368,0.5728042904769197,1.4123282036196787,0.22761327949753252,18.1782890477457,25.83750429826754,32.58556420134159,17.09097320164517,23.297408950604847,10.650313303406648,16.396738286549372,82.88427364651587,10.565635149620002,0.35875419416886284,1.7615587465714604,1.2407476097602912,3.211411866710724,21.686166025956165,77.92632950787522,15.716623448929868,6.1772698546379665,0.1789815725211757,6.361165723734227,45407.40428158704,24426.218718350647
California,2017,38982847,49.679745042736364,50.32025495726364,64.05409281677143,17993915,38.75121655173107,37.909617314507585,5.547530035453799,0.35628258500463045,13.929403906800344,0.34674297390336845,15.118114477375135,20.242039725831212,37.47399537288798,18.766908804787917,23.152147997297376,9.350224079323914,11.223653346816869,74.01251645114579,10.510062258921215,4.855329909588183,2.5877738816767275,2.5037249819131993,5.509112548911577,28.761564774886754,77.97388497818031,13.723004371640684,8.114900045653414,0.18860316692621246,7.768741716068097,70154.81422575354,33127.865984210956
Colorado,2017,5436519,50.24014447480087,49.75985552519912,71.61496170619472,2760076,21.287204256988716,68.6498065030215,3.873329385954507,0.5255432382375562,2.9675539439851137,0.1512553345256404,11.543312108354629,14.712616510675305,40.887413011892335,17.38541544690638,23.08827251408484,9.475947623837975,9.150072298101046,75.42649355221604,9.211702617060663,3.005172703341975,2.8303895194700868,2.2074100541173496,7.2942732104863435,25.12597097517731,79.74710115057077,13.7053281336826,6.3583194503688825,0.19317476863412048,5.353001654183496,67766.18563256954,34845.26949983988
Connecticut,2017,3594478,48.7983512487766,51.2016487512234,72.32744226004444,1805086,15.346836981614576,68.0225548744491,9.759911425247282,0.12266860445383168,4.294364439008946,0.0,10.075529993506706,13.503499117257082,42.53167550336934,17.836153121538096,22.88844260557444,7.347755557274241,9.404487995197076,78.14891962059582,8.116232788182318,4.90991292755165,2.8911116162068597,1.1474731518735128,4.794161433176111,26.049735427508523,80.47103070320641,12.978889925046142,6.360251001675349,0.157328824936472,7.256693378009269,75112.86634431822,41365.57994735258
Delaware,2017,943732,48.41162533431101,51.58837466568899,73.89057486659348,441513,8.994927373449242,63.01637265664405,21.359166797353488,0.3190679133482811,3.8169158193215877,0.0,12.124655516608529,17.477844557565074,39.570859311753765,17.90199622350413,23.445307460168774,8.550162864033432,10.572140183865757,81.45591746385627,7.957228853106601,2.7325593494763343,2.1071967465339734,1.1456805533774421,4.519763873642093,25.718719933201378,81.6319410595381,14.309090186620777,3.9406219138484238,0.1183468399927098,6.445332573230536,64217.675903087795,32625.371344830946
District of Columbia,2017,672391,47.44947508220663,52.55052491779336,74.8243209680082,357701,10.7,36.0,46.89999999999999,0.2,3.7000000000000006,0.0,17.4,25.5,61.7,15.299999999999999,16.7,2.7,3.6000000000000005,34.0,5.4,35.4,13.200000000000001,6.200000000000001,5.700000000000001,30.0,71.0,24.6,4.3,0.1,8.0,77649.0,50832.0
Florida,2017,20278447,48.89112563698788,51.10887436301211,71.31411493197679,9018570,24.747790518672353,54.86362334847438,15.42325517333748,0.21313725355792773,2.6330629411611257,0.03964174376864264,15.491541571206122,22.249154276952282,34.35075261927109,20.399414994649245,26.67778232228534,9.334342624955454,9.234708545481809,79.5253473700427,9.223338858246885,1.9335320500628084,1.4384765953724175,2.2120058503493887,5.649067662824478,26.974665333099722,81.93241541622986,11.969047126735104,5.9337053177691566,0.15463329119828553,7.2199042806384535,51344.329729546924,28773.663008513424
Georgia,2017,10201635,48.70677102248806,51.29322897751194,70.14535415156492,4606329,9.320667785114836,53.61957837150618,30.884126750270894,0.18209264495348043,3.7916994579790413,0.029790048359895252,17.00292421753963,24.39941966165229,35.96519329499635,16.8528141126398,24.19300373910653,9.309260927292536,13.679550032911395,79.6863777816007,10.065241973467977,2.0259170711361465,1.5173560316557104,1.6673451559480417,5.061143463768307,27.819171230886024,79.24216209460543,15.102097046208762,5.504598655019516,0.15968790296849478,7.545349358215622,56016.98937179693,28014.725088478466
Hawaii,2017,1421658,50.22171295768744,49.77828704231257,71.4987711531184,671758,10.221784071837249,22.209129551551776,1.7076815239670868,0.12380495168317557,37.01567943907747,9.214421260246839,10.350294866979258,12.920176818339135,34.20411821971248,22.867018298353052,24.904427858176863,9.511658640826418,8.512770933656336,67.22501192269871,13.67293624767701,6.5065115520047705,4.500474305353327,3.4253453362201043,4.688530926566024,27.326974631029405,72.52041201189034,20.422961851584557,6.8197437780394425,0.16224042631912877,4.858517167982735,75755.7180859774,32511.020808098714
Idaho,2017,1657375,50.11702239987933,49.88297760012067,70.48296251602684,748658,12.20347471151671,82.53425899389096,0.6330741081529527,1.0790330492495661,1.3321123463307945,0.11954886492193981,14.522344731880235,17.839986846670186,33.84703172184931,17.85860568670337,23.38591990346181,12.03832349347613,12.843889705105967,78.4517292103477,10.023915589410967,0.7230269552756619,2.746815898634889,2.1483967720039217,5.919992578625838,20.740680292631417,77.22805086356439,15.174283490459315,7.3402077984765075,0.27280892978354326,5.386717550343163,51800.31839237676,25471.297106569124
Illinois,2017,12854526,49.107995113938856,50.89200488606115,70.35280803041668,6181653,16.83797280428699,61.89975063257875,14.050853216991433,0.11806512352147407,5.177912129937734,0.00508382028244371,13.536175491807317,19.067430327652687,37.36556350658128,17.322369086188008,23.915840218456914,7.290869838374436,14.06675670499246,73.37903875257635,8.006629952749716,9.324612373882937,3.0437911751860764,1.7312907220382918,4.500349176624638,28.611702913044013,83.20684534770092,11.982204345768954,4.673441245519281,0.14478697230843046,7.36904091212698,63464.669870987585,32924.41823930342
Indiana,2017,6614418,49.260252375946,50.739747624054,73.32961116155646,3124295,6.684689446599836,79.83540049933342,9.13469626503798,0.19205195377733913,2.0656385036446143,0.015313909704527291,14.619081709078563,20.59629828353757,32.91475998341804,16.785069994064482,22.679516338398937,8.857136939334646,18.760232011342488,82.97221566583787,8.818692665023592,1.057496865181487,2.1012723417237917,1.4377293058890441,3.6118163684242517,23.444746597508654,84.6332005778891,10.677108235373087,4.530001914000597,0.1416104636870546,6.096122500876118,53709.61007171218,27304.710573175147
Iowa,2017,3118102,49.64670815771902,50.35329184228098,73.84283772628349,1599718,5.717857914846916,86.49921724818493,3.3441373309789095,0.2789227870031191,2.2664536952287,0.09120804899903849,12.022247957250919,14.749239473243653,35.06096994261254,16.498353806257782,22.660447798051496,9.547735866241707,16.246672174290637,81.0871880714614,8.416393337998564,1.05137388064919,3.377500736024671,1.4631828272455487,4.587966173011659,19.008435387937926,80.14253507422147,13.219011757793684,6.4584283644345195,0.1857932165144052,4.150382027271718,57429.446204268505,30062.564174295774
Kansas,2017,2903820,49.79578624019395,50.20421375980605,71.262578258983,1420045,11.528087174824886,76.45550622972503,5.6372301657816255,0.6508756052372391,2.7476327389438735,0.04050478335434014,12.854312147447153,16.200714231598383,37.454703287393855,16.6550588535102,22.36089953922764,9.821538903926555,13.715861795841342,82.3465781625583,9.121876011598516,0.4595655722462137,2.3753163763594163,1.4030851085811102,4.258335434014506,19.181164810491012,78.0942417574092,15.689258735045563,6.019468906474916,0.18008798754743752,4.8116654269204036,58027.72701921418,29599.446980529097
Kentucky,2017,4424376,49.25044797277627,50.74955202722372,75.15498230710952,1938150,3.4422318763143083,85.0787632425454,7.867668525459863,0.17902773182026122,1.3460712651908426,0.03005829522626467,18.312652202254057,24.87491264304842,32.71392006465996,16.8111396499755,23.48551933651209,9.569546055760181,17.422152208582634,82.29888524393047,9.725997722616698,0.9829826624138635,2.287910814994023,1.3709346809583998,3.3400681135599695,23.31355325587157,79.59660336282452,14.797265377083683,5.422525052120346,0.1780278394060541,6.980947392355441,49205.92236926966,25888.479804835755
Louisiana,2017,4663461,48.91729554508979,51.082704454910214,73.92874090723606,2031238,4.974083111234339,59.01805200043489,31.960985178175623,0.5263345613912072,1.7204478819486217,0.013372964843063983,19.65110348301401,27.934096993627687,32.761996186952125,19.244938040652638,23.643669562155655,11.888531736407783,12.453087717469929,82.76754708573736,9.424960517521214,1.270475726075548,1.7866958252679719,1.9875398336128471,2.7947229750607976,25.302831352079497,79.17115998182466,15.088463696812301,5.586019417767193,0.14483084558871617,7.247229278855338,48145.738291623136,26204.821336127825
Maine,2017,1330158,48.944561473148305,51.055438526851695,79.32365929461011,658693,1.5455242910992528,93.58433073364215,1.2113949621022464,0.5886627002205753,1.097885965426664,0.006363529746090315,12.914341303815036,16.723840701630934,36.3006372927126,18.37401804898365,23.141229688503177,10.83266514203576,11.359313931126982,78.53139634539656,9.79014004351363,0.6172706550650373,3.911527502747794,1.5345258232480654,5.611031020375023,23.79509930399246,77.46914877781434,13.752216353245252,8.663583273565997,0.11149637862569711,5.350479040835749,54656.16901500396,29885.355569037663
Maryland,2017,5996079,48.469624899872066,51.530375100127934,70.85800570672934,3040792,9.564324669504852,51.8494889743781,29.263785550523934,0.17989466116106878,6.191874690109987,0.019308618181981922,9.741434944402833,13.214802923710645,44.98722183280107,17.262717435844326,21.89524380849551,7.787275417818878,8.066700205250795,73.7466495021163,9.149231672898237,8.770945112631104,2.4539489723200782,1.3936787857531563,4.49161965677904,32.55423073978845,73.30405716802596,21.796354284191384,4.776197995389988,0.11873495996300251,6.172815184723217,82568.66225674101,39069.99336232895
Massachusetts,2017,6789319,48.508929982521074,51.491070017478926,72.63864019351573,3525672,11.21018327464065,72.95476017550507,6.679995814013158,0.13234462837878144,6.254490619751405,0.004355930248674425,11.132947693281167,14.837390583650587,45.02052874522466,17.735780760927568,21.672421372452817,6.816308822725812,8.750316209917372,71.03469020972501,7.511770930191967,9.903160611542926,4.770121274313373,1.9489824384448569,4.872282256880256,29.23002094908193,81.8235712300453,12.177623440583659,5.829412964687623,0.13120379230965581,6.017598024190645,76212.54408124182,39912.7524438018
Michigan,2017,9925568,49.17178543333742,50.82821456666259,74.91039303745639,4524874,4.882854704133808,75.4932974515917,13.685796641562478,0.45240385235383995,2.893828665523223,0.007738126422588612,15.585181543262811,21.56307430466448,35.12303435934347,17.933687996495518,23.00132978787712,7.977632353130821,15.962125159990848,82.46791416874079,8.829518844664605,1.4244020896335607,2.1986521577404936,1.2769974574754819,3.8042619223403658,24.337754887176228,84.2772361642175,10.59246442117973,4.966533159613636,0.17917391730125676,7.524753747090343,54863.608239478046,28937.488965467768
Minnesota,2017,5490726,49.7535480736063,50.24645192639371,73.04527670839886,2904103,5.191381740775263,80.76501894285019,5.849248441827183,0.940232767032994,4.642011621049747,0.010799865081593946,10.491333605064252,13.612017882516808,39.88173356310261,16.561898517609507,22.499647897199743,8.093034673374707,12.94741103453351,78.02851908836828,8.564527914887757,3.5343348766629403,2.763939741301971,1.6379881640424236,5.440774516885381,23.363084772396224,82.6305749549331,11.750103028269852,5.437711115069301,0.15166391475371382,4.308340937063695,67999.756854354,34711.758128706475
Mississippi,2017,2986220,48.51340490653736,51.48659509346264,74.36856628111794,1221828,2.9513864685120312,57.005620048087536,37.46049437080992,0.41721775354796387,0.963151073932932,0.010080000803691626,21.553623611120415,30.130170416111348,31.105405931244185,18.009704810764102,23.073656395041223,10.981724822685539,16.839156893999775,84.9474704141021,9.48596998881529,0.34590401912786073,1.4525268064643597,1.6395739094909292,2.1290913261581523,24.52427955743382,76.0987424905064,18.21389874155287,5.515699479609673,0.16647738612694304,8.972633128168724,44017.56760280498,22499.699486307105
Missouri,2017,6075300,49.073000510262865,50.926999489737135,75.17720935591659,2867393,4.025694286701893,79.81881895544252,11.492803482955578,0.37820074728819963,1.8470538409625863,0.09338431023982356,14.651143449706188,20.21394044738531,35.40775247312889,17.765572103435215,24.111978009316417,8.949812305565159,13.767862920349613,81.732101772752,9.026355817819699,1.4405685974355178,1.9286588481227274,1.2446749296331052,4.6305237272233475,23.517704047536768,81.72310906457294,12.364425328790349,5.698551133277369,0.18836654980000997,5.850764011653746,53578.79994859442,28282.130118677265
Montana,2017,1029862,50.28440703705933,49.71559296294066,77.10586466924696,497995,3.5455112432539506,86.61201539623754,0.4064866943338041,6.230018973415856,0.7037052537136044,0.04576700567648869,14.348854603820705,17.132415119695647,36.24842347809707,19.07964775863174,22.213218275846664,12.703675638095199,9.767554487882844,75.45711037012728,9.763081170098518,0.7486540915190577,5.211021088262311,2.3521357230386215,6.488018588898319,17.88383385346775,72.74689472958512,17.927780712367287,8.923340214514177,0.41069434545599315,4.904834531228455,51762.699667667344,28706.007227181894
Nebraska,2017,1893921,49.81976544956205,50.18023455043795,71.28581392782488,987216,10.453757099688955,79.82754048347316,4.598834059076385,0.6746601362992438,2.2073456073405375,0.06190374360915793,11.999533190666352,15.573928215590826,36.707565415875315,16.40309643327256,23.419436766369873,10.012044694578078,13.487743628166118,81.76579677821827,9.172631698999064,0.6693660928834941,2.74199657747076,1.3247376210517756,4.331727986542207,18.38254668489341,79.79740944844058,13.78053435174962,6.251258790625375,0.18101261879455371,3.7921638758955627,57558.4495824622,29866.15961911822
Nevada,2017,2887725,50.215688820784536,49.78431117921547,67.30938714732186,1341358,28.211642382844627,50.44847632652002,8.397982460241193,0.8490594499129938,7.919491779861308,0.6275834783436788,14.232777671003987,20.282605684405546,28.366012691651733,27.00277990459617,25.568690231929974,8.78930047009324,10.253684093880132,78.21300352353498,10.418291873360518,3.420341722290037,2.0050972651481707,2.15045016405648,3.7957797227921635,24.014194945848384,82.71231166402619,12.046743024353077,5.131877412149702,0.10930337895748382,8.00611360153754,55817.81340999196,28449.741330632245
New Hampshire,2017,1331848,49.48995681188844,50.51004318811155,77.68791934214715,713424,3.420069857821613,90.94917400484141,1.2250033787639427,0.13455972453312992,2.4978203218385278,0.009115079198226825,8.15141757918321,10.15199850133048,40.22001076699443,16.046162099578932,23.777917450039343,8.763708471236958,11.171976907274706,80.86604469879447,8.046419636475035,0.8512011881235695,2.8322782329515084,1.3209751413074162,6.098198743400149,27.055141127215716,79.97814893291125,13.29346960013455,6.609291225425124,0.09961309398670116,4.485532358046865,72764.80921443629,36913.930369681824
New Jersey,2017,8960161,48.797348619070576,51.20265138092943,68.55158071378405,4388024,19.690659520515315,56.067648103644565,12.680542046063682,0.08913503897976834,9.346134461199972,0.007586426181404553,10.685867218234135,15.137019993279136,41.44628521741965,16.68836044352328,24.092295919682694,7.1867375039354755,10.554290620447558,71.63543057987462,8.024131932450768,11.318995305999522,2.9782656360750663,1.833978563554829,4.184714292522199,31.379907950314735,81.712357556968,13.501950779679072,4.630214613331167,0.14754165689656693,6.980717121042803,78011.70285805182,39069.193500317684
New Mexico,2017,2084828,49.50461141158887,50.495388588411124,70.58946829186868,879201,48.166785989060024,38.18243236372497,1.778503886171905,8.706342201850708,1.3299463073212756,0.055476135201560986,20.606615509768673,28.776682153156035,35.16969903512426,21.027164351207865,23.31371652721471,11.217713403695651,9.278144959680128,80.04818786010166,9.86498742342294,1.048418910336968,2.186477013931125,1.9695123530574221,4.850325158718129,21.859518770853033,70.71007051900685,22.47301758226578,6.600776083206866,0.21446536596784002,7.858023683488516,48303.434379624225,25256.6876356227
New York,2017,19798228,48.509952506860714,51.49004749313929,69.40985324545207,9467631,18.819922858752804,55.94745893420362,14.367388642054232,0.2084369722381216,8.266206505955989,0.005212643272923213,15.088008436916676,20.961402954850307,39.69452080761976,20.401120059835662,23.20250591113508,7.304832649669455,9.43532836373033,53.018928683920585,6.637866212067061,28.296567303902137,6.136478092887909,1.8932153877609648,4.037689529588202,33.12481027594995,78.61217222571636,15.426092830126006,5.828342081927732,0.1416822151962287,6.804254789873111,67277.98548295767,35752.38560723717
North Carolina,2017,10052564,48.69770538143304,51.30229461856697,72.71543856870744,4571020,9.09895853435999,63.640905653522815,21.16439503394358,1.088230574806587,2.656210733898337,0.033532718617857095,16.17214404205733,23.054678945590396,36.155779301678656,17.653497694717483,23.049105730637475,9.473260175215001,13.6680362044947,81.3795669542616,9.563338994907172,0.9750627899509019,1.8130283179495297,1.273043772713111,5.007699786840452,24.27131595481511,79.3103742189555,14.747823122538689,5.786622547242672,0.15224101035317952,7.272911010564069,52608.04390923689,28123.130453185873
North Dakota,2017,745475,51.25872765686308,48.74127234313693,75.19098561319963,400454,3.3339442637244696,85.69048861464168,2.2887837955665855,5.195080049632787,1.3468520071095609,0.025907911063415945,11.035535732251248,11.836304101411855,36.00724222810958,17.1064407257118,21.704559777323183,12.577775914685265,12.594784533351216,80.72409148529461,8.935000234749655,0.49034481370938005,3.692864147020356,1.1982313290184106,4.9611502733156705,17.153153626882187,75.7321926288608,16.10597122639928,7.852407525403267,0.2951110365874107,2.769409973506824,61976.309488730294,34256.18259230692
Ohio,2017,11609756,48.97674852081301,51.02325147918698,75.46784790309115,5488180,3.5663773037090523,79.6262806126158,12.14787131615858,0.13613787404317546,2.015854295301296,0.016093439000785203,14.940657469459312,21.53319201540497,35.72851944519764,17.409058941462682,23.23523785512806,7.6273752006502145,16.010866068158535,83.43804117847093,7.72531228046481,1.611425950726269,2.2470772684628337,1.1404151904656739,3.8315692767358773,23.445430127902775,82.91307622658046,12.091835668208711,4.869600144912606,0.1407106230311817,6.484778991048561,53897.471496743914,29011.00013635084
Oklahoma,2017,3896251,49.55058080190419,50.44941919809581,71.93024782027646,1746419,10.128892363453998,66.44227995065,7.150630285369193,7.105878240390571,2.0444480604560638,0.1479664682793793,16.231372183157607,22.435563263249726,33.72799804222059,17.56286694568702,23.708638021523775,11.56689923210799,13.455226549829566,82.60729188134952,10.04717319289748,0.42902795533449967,1.7411121100770972,1.3429264952386284,3.7910658476571464,21.57351194776723,76.58798886416712,16.955381134326306,6.220258345779057,0.2135241287073137,5.749233712099145,50607.6040451919,26460.557439702934
Oregon,2017,4025127,49.53438736218757,50.46561263781242,73.2588810241267,1885983,12.651705548669643,76.49975580894714,1.8048684923481915,0.8647337338672793,4.091232525085545,0.3620358314160025,14.909069602027461,19.122159921910537,37.4937564454488,18.417076504666806,22.95194106918862,9.11347346307334,12.02147994336576,71.97910070912047,10.248173287451552,4.122267694907515,3.7785675085531456,3.290962272743196,6.581690838574783,23.2074006608984,78.36593896291969,13.914681698242068,7.549368181426325,0.1917888553578558,6.90581139427402,58488.119608713336,30410.05810524736
Pennsylvania,2017,12790505,48.94380636261039,51.05619363738961,76.151731303807,6096977,6.838320480700332,77.25247606720767,10.614272657725405,0.11817105735856398,3.2329225859338626,0.002082169546863083,13.132568917333604,18.570666803226306,37.37334119333053,17.620987318327145,23.255773380331746,8.222219169610582,13.507126247165383,76.09850288944804,8.480667026047838,5.7914681476610985,3.851366736497113,1.430562499291466,4.3349152515870175,26.701318094946213,84.26159479238702,10.490715550324243,5.094443675210635,0.14585555456958108,6.5199470310202745,59677.14431692952,31476.449954868865
Rhode Island,2017,1056138,48.533524974955924,51.466475025044076,74.27930819646676,526071,14.56869007648622,73.20733597313986,5.461940958473231,0.3747578441453674,3.3257409543071077,0.07982839363795263,13.41264721087585,18.446393369048366,37.97430866042127,19.75290388187907,23.597408293234405,7.427632563168829,11.259694850483553,79.6764752333502,8.658620748424921,2.690928458212847,3.7923443716635514,1.3286030802792816,3.8182443960921777,24.638936767733004,82.70593066436392,12.192958306584934,5.008762301896153,0.11252033351702147,6.844733169339612,61256.096570614995,33315.067250681255
South Carolina,2017,4893444,48.570270754094665,51.42972924590534,75.07146296146436,2181046,5.450953908944294,63.76728390066384,27.001798692291157,0.2684184594735324,1.4516113600155638,0.06083265691811332,16.662712968616788,24.68975705045363,33.30630484378692,18.186770544426384,24.304282668811574,9.150965066730095,15.036427738827705,82.73319821377338,9.42203711741669,0.56343881732375,2.087012684726749,1.4539207151445894,3.7245018641267773,24.35721250718308,79.39564276203018,15.222930496394765,5.2334140944496355,0.16267540815834405,7.337399712758542,49788.80065803289,26645.378782101114
South Dakota,2017,855444,50.334913799149916,49.665086200850084,73.6113643908894,438339,3.508796484632541,82.68036282912732,1.6606724695012183,8.307082871584814,1.3599501545396315,0.034706304562309165,13.917274655032937,17.39948950486531,35.23582502186,17.14754303028603,23.50082062648168,11.265724582789757,12.83000687362352,79.45016073524394,8.906517784916373,0.5502207041021974,3.9090672212324833,1.3685649791219534,5.789691084395938,16.97623853811588,75.3578567387228,16.01788521516312,8.313900617690932,0.3349444265200293,4.02548243952848,55028.89986745419,28760.893668083474
Tennessee,2017,6597381,48.76288030053138,51.23711969946862,74.52748295118927,2996610,5.159686002672878,74.25938097254044,16.670895359840518,0.2221148968052625,1.6613776284862132,0.04450394785445921,16.689894247429393,24.4319238497822,33.81317113563701,17.076803931742006,24.07023673484977,9.004464983908008,16.03476919098655,83.69033179984604,8.957154104030067,0.690216829981473,1.3399678145009364,1.257831281837444,4.058600086913276,24.814369489953666,79.1418793154435,13.851611283325921,6.819858198275954,0.16896992912793726,6.669850702877398,50810.1140031569,27276.78771985429
Texas,2017,27419612,49.661450351667995,50.33854964833201,63.86938298032809,12689069,38.93011015983745,42.85794647641259,11.666645118829539,0.2545619573318543,4.465216480816724,0.07867244802734626,16.037566848137754,22.55618469728893,35.3321543718416,17.73120587556089,23.942200436680128,10.979902180964489,12.035119391915536,80.54666424163848,10.397866530715323,1.4290489449668364,1.5601233562312982,1.6670368420968176,4.402879497346645,26.022299593444288,79.66961929658231,13.447684296189161,6.712827621339063,0.17371938012835494,5.894348731119902,59231.04434296953,28984.91019719754
Utah,2017,2993941,50.3221005357153,49.6778994642847,64.87576074478422,1412214,13.672020290313,79.01614317049001,1.0664744562434598,0.9346361200838628,2.2476900847411487,0.8797889470767795,11.012935625651943,12.70230662528086,37.55800471685981,15.474890520554679,25.681466668848852,8.857037697135649,12.476703248327208,76.07422831645647,11.376483137109249,2.4257974689547988,2.5623275475368414,1.8156902223524107,5.788125183495602,21.506531491435535,80.57733475709776,14.597215375987705,4.677018485000206,0.15144817483043255,4.3856887293370175,66246.06733682005,26906.687780086515
Vermont,2017,624636,49.31287982120787,50.687120178792135,78.9965676009708,327264,1.7995840777668914,93.23553221396142,1.1882827758886776,0.2885328415269053,1.5307273356002535,0.020446788209453188,11.367050730345351,14.504410408621979,40.450443298176864,17.459263314954633,21.248037737178134,10.096274950531187,10.733429069089837,75.94412217675574,8.885281187763756,1.170454472684892,5.5024110041688274,1.6268034503294713,6.824099155348076,22.823050864823674,76.73869165401929,14.143616602309184,8.862298842846073,0.25439984246825353,4.404657272395443,58692.56322418598,31917.063904417933
Virginia,2017,8365952,49.17537179271408,50.82462820728592,72.33629836747808,4084035,8.956738073562938,62.620001776247335,18.83039986363776,0.20618781938983155,6.1774365427867615,0.04428259927859973,11.30916048765281,15.641344356266925,42.315965427485125,17.015314527264795,22.22947664533575,8.578507514745482,9.878060357028108,77.86520239418063,9.281734475646047,3.987748471423215,2.436007211133891,1.7044643096207106,4.71861604035022,28.100958671529558,74.9110066971458,20.038710442039342,4.912111819431908,0.14255235985097692,5.5666597417723676,77876.37992353151,36267.990184500224
Washington,2017,7169967,49.94287979289165,50.05712020710834,70.87035407554875,3418123,12.31224266443625,69.75797468802855,3.504902295924096,1.1148461073809683,8.000001255235905,0.6342941885227645,12.250295043198946,15.525025805558101,39.54658314326969,17.110520173942227,21.90000242678941,9.931385569835959,11.477872631770829,72.77790521211604,10.112874815183947,5.910519295277092,3.494526488057755,2.0307292627706657,5.667539446136922,26.897141604696372,77.67321756153133,16.247202086146277,5.88243459140049,0.18870417395226508,6.101114356593273,69177.5146116743,34869.17706748162
West Virginia,2017,1836843,49.412007449738496,50.587992550261504,78.74913642592209,746958,1.477565910641247,92.26641759802008,3.513423684005655,0.17090997978596978,0.7546545894232658,0.02022159759979487,17.799084298440317,24.562213754795604,32.268041090065964,19.467197414259147,23.58592443665572,11.637944560313533,13.043347471721864,82.34169175046536,9.680885628221901,0.787101020609818,2.864190134921711,1.1666434202596523,3.170970082908555,25.85919585941749,76.66876352524413,18.784083342996656,4.4125299767045965,0.11870693358114984,7.310870880091547,45620.130410277416,24774.033984940466
Wisconsin,2017,5763217,49.69646293033908,50.30353706966092,75.10596946115338,2939880,6.608681089051481,81.81931256449305,6.243999661994334,0.8105577839598959,2.632006568553639,0.011713475303810356,12.346501337707746,16.446009320835916,35.217663520217954,16.93474764181186,22.536031716314,8.532553329156272,16.768426141163868,80.85855137850962,8.140423621043594,1.8601420005528162,3.1789036227509735,1.6232817886260402,4.3562106025159215,22.017867850542494,82.50338326667205,12.175094205198246,5.142952868163737,0.18119588417371751,4.750824357299057,58294.31911370532,30557.043704757256
Wyoming,2017,583200,51.14900548696845,48.85099451303155,74.21364883401921,293633,9.718460390946504,84.30243792866942,0.9892218792866941,2.043968449931413,0.8436575788751713,0.066465877914952,11.178200445816188,12.607930212620024,33.47404886831276,17.75182047325103,20.751597393689984,15.453980109739367,12.568245198902606,77.78841666666666,10.446332475994515,1.3191124828532235,3.923817901234567,1.8640570987654321,4.671125514403292,18.074615397805214,72.25496502057612,21.05698559670782,6.369475994513032,0.31757030178326484,4.734683641975308,62022.67725357845,31213.71537037037
Puerto Rico,2017,3468963,47.67986859473566,52.320131405264334,77.55796184623473,1040136,98.9488386875271,0.7542659578669477,0.0753540755551443,0.0010454709375683744,0.0707790483784347,0.0005122280058910977,44.89609425064494,57.25295746884588,31.749151403459763,20.893723542165194,27.37926132391727,9.541700156502102,10.448088088572863,82.75306833771363,8.22665315254155,1.8973482853521355,3.200123668081787,1.7985659403112686,2.1321564974893072,29.020788950473094,68.39149330794243,22.489443617588318,8.974845133833949,0.15434223426424548,17.630131973157393,21297.41498996285,12080.917658966095
